playerid,name,position,teamid,teamname,teamabbr,points,pointschange,value,valueid,valuechangeamount,valuechangepercentage,valuechangedirection,status,starts,goals,assists,concedes,cleansheets,saves,pensmissed,redcards,weekpoints,highestvalue,lowestvalue,form,image,starmen,rating
178478,Abdou Diallo,DEF,157,Borussia Dortmund,BVB,14,0,6.0,0,0.100,1.6666666666666667,u,a,2,0,0,0,2,0,0,0,0,6.0,5.8,14,https://secure.cache.images.core.optasports.com/soccer/players/150x150/271261.png,0,0.00000
118335,Abdul Rahman Baba,DEF,167,FC Schalke 04,SCH,0,0,5.3,0,0.050,0.9433962264150945,d,a,0,0,0,0,0,0,0,0,0,5.4,5.3,0,https://secure.cache.images.core.optasports.com/soccer/players/150x150/250040.png,0,0.00000
104161,Abraham Frimpong,DEF,214,Crvena Zvezda,RSB,0,0,5.0,0,0.050,1,d,a,0,0,0,0,0,0,0,0,0,5.1,5.0,0,https://secure.cache.images.core.optasports.com/soccer/players/150x150/.png,0,0.00000
223760,Achraf Hakimi,DEF,157,Borussia Dortmund,BVB,0,0,5.5,0,0.050,0.9090909090909092,d,a,0,0,0,0,0,0,0,0,0,5.6,5.5,0,https://secure.cache.images.core.optasports.com/soccer/players/150x150/419254.png,0,0.00000
202305,Adam Tzanetopoulos,DEF,234,AEK Athens,AEK,0,0,5.0,0,0.050,1,d,a,0,0,0,0,0,0,0,0,0,5.1,5.0,0,https://secure.cache.images.core.optasports.com/soccer/players/150x150/.png,0,0.00000
115080,Ahmet Yilmaz Calik,DEF,208,Galatasaray,GAL,0,0,5.3,0,0.050,0.9433962264150945,d,a,0,0,0,0,0,0,0,0,0,5.4,5.3,0,https://secure.cache.images.core.optasports.com/soccer/players/150x150/155403.png,0,0.00000
100059,Alberto Moreno,DEF,14,Liverpool,LIV,0,0,5.4,0,0.050,0.9259259259259258,d,a,0,0,0,0,0,0,0,0,0,5.5,5.4,0,https://secure.cache.images.core.optasports.com/soccer/players/150x150/192742.png,0,0.00000
106004,Alejandro Grimaldo,DEF,251,Benfica,BEN,7,0,5.8,0,0.100,1.7391304347826086,u,a,2,1,0,4,0,0,0,0,0,5.8,5.7,7,https://secure.cache.images.core.optasports.com/soccer/players/150x150/206636.png,0,0.00000
430847,Aleksa Terzic,DEF,214,Crvena Zvezda,RSB,0,0,5.1,0,0.050,0.9803921568627453,d,a,0,0,0,0,0,0,0,0,0,5.2,5.1,0,https://secure.cache.images.core.optasports.com/soccer/players/150x150/427728.png,0,0.00000
42593,Aleksandar Kolarov,DEF,121,Roma,ROM,9,0,6.2,0,0.150,2.4390243902439024,u,a,2,0,1,3,1,0,0,0,0,6.2,6.0,9,https://secure.cache.images.core.optasports.com/soccer/players/150x150/17782.png,0,0.00000
53693,Alex Sandro,DEF,128,Juventus,JUV,14,0,6.5,0,0.100,1.5384615384615385,u,a,2,0,0,0,2,0,0,0,0,6.5,6.3,14,https://secure.cache.images.core.optasports.com/soccer/players/150x150/78657.png,0,0.00000
152590,Alex Telles,DEF,201,FC Porto,FCP,8,0,5.8,0,0.150,2.608695652173913,u,a,2,0,1,1,1,0,1,0,0,5.8,5.6,8,https://secure.cache.images.core.optasports.com/soccer/players/150x150/115167.png,0,0.00000
219876,Alfons Amade,DEF,1902,TSG 1899 Hoffenheim,TSG,0,0,5.1,0,0.050,0.9803921568627453,d,a,0,0,0,0,0,0,0,0,0,5.2,5.1,0,https://secure.cache.images.core.optasports.com/soccer/players/150x150/.png,0,0.00000
208477,Ali Ulgen,DEF,208,Galatasaray,GAL,0,0,5.1,0,0.050,0.9803921568627453,d,a,0,0,0,0,0,0,0,0,0,5.2,5.1,0,https://secure.cache.images.core.optasports.com/soccer/players/150x150/.png,0,0.00000
192292,Almamy Touré,DEF,146,Monaco,MON,0,0,5.7,0,0.050,0.8771929824561403,d,a,0,0,0,0,0,0,0,0,0,5.8,5.7,0,https://secure.cache.images.core.optasports.com/soccer/players/150x150/222752.png,0,0.00000
17172,Andrea Barzagli,DEF,128,Juventus,JUV,7,0,5.9,0,0.100,1.7094017094017095,u,a,1,0,0,0,1,0,0,0,0,5.9,5.8,7,https://secure.cache.images.core.optasports.com/soccer/players/150x150/56.png,0,0.00000
15930,Andrea Raggi,DEF,146,Monaco,MON,-1,0,5.3,0,0.100,1.9047619047619049,d,a,1,0,0,3,0,0,0,0,0,5.4,5.3,-1,https://secure.cache.images.core.optasports.com/soccer/players/150x150/4389.png,0,0.00000
39167,Andrea Ranocchia,DEF,127,Internazionale,INT,0,0,5.7,0,0.050,0.8771929824561403,d,a,0,0,0,0,0,0,0,0,0,5.8,5.7,0,https://secure.cache.images.core.optasports.com/soccer/players/150x150/61141.png,0,0.00000
122798,Andrew Robertson,DEF,14,Liverpool,LIV,4,0,6.2,0,0.025,0.4016064257028113,d,a,2,0,1,3,0,0,0,0,0,6.3,6.2,4,https://secure.cache.images.core.optasports.com/soccer/players/150x150/254527.png,0,0.00000
145235,Angelino,DEF,204,PSV,PSV,-2,0,5.7,0,0.050,0.8849557522123894,d,a,2,0,0,6,0,0,0,0,0,5.8,5.7,-2,https://secure.cache.images.core.optasports.com/soccer/players/150x150/314031.png,0,0.00000
159039,Antonio Barreca,DEF,146,Monaco,MON,0,0,5.6,0,0.050,0.892857142857143,d,a,0,0,0,0,0,0,0,0,0,5.7,5.6,0,https://secure.cache.images.core.optasports.com/soccer/players/150x150/332746.png,0,0.00000
18892,Ashley Young,DEF,1,Manchester United,MNU,0,0,5.8,0,0.050,0.8620689655172413,d,i,0,0,0,0,0,0,0,0,0,5.9,5.8,0,https://secure.cache.images.core.optasports.com/soccer/players/150x150/2553.png,0,0.00000
146941,Aymeric Laporte,DEF,43,Manchester City,MNC,1,0,6.1,0,0.025,0.40816326530612246,d,a,2,0,0,3,0,0,0,0,0,6.2,6.1,1,https://secure.cache.images.core.optasports.com/soccer/players/150x150/182904.png,0,0.00000
51931,Bastian Oczipka,DEF,167,FC Schalke 04,SCH,0,0,5.2,0,0.050,0.9615384615384616,d,i,0,0,0,0,0,0,0,0,0,5.3,5.2,0,https://secure.cache.images.core.optasports.com/soccer/players/150x150/54805.png,0,0.00000
41316,Benedikt Höwedes,DEF,271,Lokomotiv Moscow,LCM,0,0,5.5,0,0.025,0.45662100456621013,d,a,2,0,0,4,0,0,0,0,0,5.6,5.5,0,https://secure.cache.images.core.optasports.com/soccer/players/150x150/16114.png,0,0.00000
50163,Benjamin Hübner,DEF,1902,TSG 1899 Hoffenheim,TSG,0,0,5.3,0,0.050,0.9433962264150945,d,i,0,0,0,0,0,0,0,0,0,5.4,5.3,0,https://secure.cache.images.core.optasports.com/soccer/players/150x150/54689.png,0,0.00000
102826,Benjamin Mendy,DEF,43,Manchester City,MNC,0,0,6.2,0,0.050,0.8064516129032258,d,i,0,0,0,0,0,0,0,0,0,6.3,6.2,0,https://secure.cache.images.core.optasports.com/soccer/players/150x150/162509.png,0,0.00000
85199,Bogdan Butko,DEF,455,Shakhtar Donetsk,SHA,0,0,5.3,0,0.050,0.9433962264150945,d,a,1,0,0,2,0,0,0,0,0,5.4,5.3,0,https://secure.cache.images.core.optasports.com/soccer/players/150x150/134301.png,0,0.00000
51452,Boris Rotenberg,DEF,271,Lokomotiv Moscow,LCM,0,0,5.4,0,0.050,0.9259259259259258,d,a,0,0,0,0,0,0,0,0,0,5.5,5.4,0,https://secure.cache.images.core.optasports.com/soccer/players/150x150/6858.png,0,0.00000
161049,Brandon Mechele,DEF,413,Club Brugge,BRU,-1,0,5.2,0,0.100,1.9417475728155338,d,a,1,0,0,3,0,0,0,0,0,5.3,5.2,-1,https://secure.cache.images.core.optasports.com/soccer/players/150x150/295563.png,0,0.00000
116123,Brian Idowu,DEF,271,Lokomotiv Moscow,LCM,0,0,5.3,0,0.025,0.47393364928909953,d,a,2,0,0,4,0,0,0,0,0,5.4,5.3,0,https://secure.cache.images.core.optasports.com/soccer/players/150x150/243021.png,0,0.00000
149736,Chancel Mbemba,DEF,201,FC Porto,FCP,0,0,5.4,0,0.050,0.9259259259259258,d,a,0,0,0,0,0,0,0,0,0,5.5,5.4,0,https://secure.cache.images.core.optasports.com/soccer/players/150x150/192900.png,0,0.00000
222874,Chidozie Awaziem,DEF,201,FC Porto,FCP,0,0,5.1,0,0.050,0.9803921568627453,d,a,0,0,0,0,0,0,0,0,0,5.2,5.1,0,https://secure.cache.images.core.optasports.com/soccer/players/150x150/396832.png,0,0.00000
55909,Chris Smalling,DEF,1,Manchester United,MNU,14,0,6.1,0,0.100,1.639344262295082,u,a,2,0,0,0,2,0,0,0,0,6.1,5.9,14,https://secure.cache.images.core.optasports.com/soccer/players/150x150/79474.png,0,0.00000
171101,Clément Lenglet,DEF,178,Barcelona,FCB,1,0,5.8,0,0.050,0.8583690987124464,d,a,1,0,0,2,0,0,0,0,0,5.9,5.8,1,https://secure.cache.images.core.optasports.com/soccer/players/150x150/215638.png,0,0.00000
458250,Colin Dagba,DEF,149,Paris Saint-Germain,PSG,0,0,5.7,0,0.050,0.8771929824561403,d,a,0,0,0,0,0,0,0,0,0,5.8,5.7,0,https://secure.cache.images.core.optasports.com/soccer/players/150x150/419046.png,0,0.00000
86782,Cristian Lema,DEF,251,Benfica,BEN,-1,0,5.7,0,0.100,1.7699115044247788,d,a,0,0,0,2,0,0,0,0,0,5.8,5.7,-1,https://secure.cache.images.core.optasports.com/soccer/players/150x150/113389.png,0,0.00000
92055,Cristiano Piccini,DEF,191,Valencia CF,VAL,7,0,5.7,0,0.100,1.7699115044247788,u,a,1,0,0,0,1,0,0,0,0,5.7,5.6,7,https://secure.cache.images.core.optasports.com/soccer/players/150x150/167042.png,0,0.00000
212752,Dalbert,DEF,127,Internazionale,INT,0,0,5.6,0,0.050,0.892857142857143,d,a,0,0,0,0,0,0,0,0,0,5.7,5.6,0,https://secure.cache.images.core.optasports.com/soccer/players/150x150/329953.png,0,0.00000
58877,Daley Blind,DEF,215,Ajax,AJA,8,0,5.8,0,0.025,0.4329004329004329,d,a,2,0,0,1,1,0,0,0,0,5.8,5.7,8,https://secure.cache.images.core.optasports.com/soccer/players/150x150/68886.png,0,0.00000
167432,Daley Sinkgraven,DEF,215,Ajax,AJA,0,0,5.2,0,0.050,0.9615384615384616,d,a,0,0,0,0,0,0,0,0,0,5.3,5.2,0,https://secure.cache.images.core.optasports.com/soccer/players/150x150/300873.png,0,0.00000
216051,Dalot. Diogo,DEF,1,Manchester United,MNU,7,0,5.6,0,0.050,0.9009009009009009,d,a,1,0,0,0,1,0,0,0,0,5.6,5.5,7,https://secure.cache.images.core.optasports.com/soccer/players/150x150/400243.png,0,0.00000
225895,Dan-Axel Zagadou,DEF,157,Borussia Dortmund,BVB,7,0,5.8,0,0.100,1.7391304347826086,u,a,1,0,0,0,1,0,0,0,0,5.8,5.7,7,https://secure.cache.images.core.optasports.com/soccer/players/150x150/419549.png,0,0.00000
15780,Dani Alves,DEF,149,Paris Saint-Germain,PSG,0,0,6.0,0,0.050,0.8333333333333334,d,i,0,0,0,0,0,0,0,0,0,6.1,6.0,0,https://secure.cache.images.core.optasports.com/soccer/players/150x150/3123.png,0,0.00000
88483,Daniel Carvajal,DEF,186,Real Madrid,RMD,8,0,6.4,0,0.025,0.39215686274509803,d,a,2,0,0,1,1,0,0,0,0,6.4,6.3,8,https://secure.cache.images.core.optasports.com/soccer/players/150x150/145430.png,0,0.00000
39764,Daniel Schwaab,DEF,204,PSV,PSV,-2,0,5.6,0,0.050,0.9009009009009009,d,a,2,0,0,6,0,0,0,0,0,5.7,5.6,-2,https://secure.cache.images.core.optasports.com/soccer/players/150x150/16344.png,0,0.00000
150710,Daniele Rugani,DEF,128,Juventus,JUV,1,0,5.7,0,0.050,0.8733624454148473,d,a,0,0,0,0,0,0,0,0,0,5.8,5.7,1,https://secure.cache.images.core.optasports.com/soccer/players/150x150/162676.png,0,0.00000
100180,Danilo,DEF,43,Manchester City,MNC,0,0,5.6,0,0.050,0.892857142857143,d,i,0,0,0,0,0,0,0,0,0,5.7,5.6,0,https://secure.cache.images.core.optasports.com/soccer/players/150x150/75848.png,0,0.00000
50188,David Alaba,DEF,156,FC Bayern München,BAY,11,0,6.5,0,0.025,0.38314176245210724,d,a,2,0,1,1,1,0,0,0,0,6.6,6.4,11,https://secure.cache.images.core.optasports.com/soccer/players/150x150/35795.png,0,0.00000
17834,David Limbersky,DEF,2703,Viktoria Plzen,VIK,0,0,5.4,0,0.100,1.869158878504673,d,a,2,0,1,7,0,0,0,0,0,5.5,5.4,0,https://secure.cache.images.core.optasports.com/soccer/players/150x150/47082.png,0,0.00000
55604,Davide Santon,DEF,121,Roma,ROM,0,0,5.2,0,0.050,0.9615384615384616,d,a,0,0,0,0,0,0,0,0,0,5.3,5.2,0,https://secure.cache.images.core.optasports.com/soccer/players/150x150/61131.png,0,0.00000
115556,Davies. B,DEF,6,Tottenham Hotspur,TOT,-2,0,6.1,0,0.100,1.6528925619834711,d,a,2,0,0,6,0,0,0,0,0,6.2,6.1,-2,https://secure.cache.images.core.optasports.com/soccer/players/150x150/207547.png,0,0.00000
93774,Davit Khotcholava,DEF,455,Shakhtar Donetsk,SHA,0,0,5.4,0,0.050,0.9259259259259258,d,a,1,0,0,2,0,0,0,0,0,5.5,5.4,0,https://secure.cache.images.core.optasports.com/soccer/players/150x150/152887.png,0,0.00000
38454,Dejan Lovren,DEF,14,Liverpool,LIV,0,0,5.9,0,0.050,0.847457627118644,d,a,0,0,0,0,0,0,0,0,0,6.0,5.9,0,https://secure.cache.images.core.optasports.com/soccer/players/150x150/55819.png,0,0.00000
199432,Denzel Dumfries,DEF,204,PSV,PSV,-2,0,5.7,0,0.050,0.8849557522123894,d,a,2,0,0,6,0,0,0,0,0,5.8,5.7,-2,https://secure.cache.images.core.optasports.com/soccer/players/150x150/335401.png,0,0.00000
32281,Diego Godín,DEF,175,Atlético de Madrid,ATM,2,0,6.4,0,0.025,0.3937007874015749,d,a,2,0,0,2,0,0,0,0,0,6.4,6.4,2,https://secure.cache.images.core.optasports.com/soccer/players/150x150/20153.png,0,0.00000
428393,Diogo Leite,DEF,201,FC Porto,FCP,0,0,5.5,0,0.050,0.9090909090909092,d,a,0,0,0,0,0,0,0,0,0,5.6,5.5,0,https://secure.cache.images.core.optasports.com/soccer/players/150x150/419697.png,0,0.00000
185737,Dion Cools,DEF,413,Club Brugge,BRU,0,0,5.3,0,0.050,0.9433962264150945,d,a,0,0,0,1,0,0,0,0,0,5.4,5.3,0,https://secure.cache.images.core.optasports.com/soccer/players/150x150/343439.png,0,0.00000
102747,Djibril Sidibe,DEF,146,Monaco,MON,-1,0,5.6,0,0.100,1.8018018018018018,d,a,2,0,0,5,0,0,0,0,0,5.7,5.6,-1,https://secure.cache.images.core.optasports.com/soccer/players/150x150/97835.png,0,0.00000
37203,Dmytro Chygrynskiy,DEF,234,AEK Athens,AEK,-1,0,5.1,0,0.100,1.9801980198019802,d,a,1,0,0,3,0,0,0,0,0,5.2,5.1,-1,https://secure.cache.images.core.optasports.com/soccer/players/150x150/675.png,0,0.00000
61121,Douglas,DEF,251,Benfica,BEN,0,0,5.2,0,0.050,0.9615384615384616,d,a,0,0,0,0,0,0,0,0,0,5.3,5.2,0,https://secure.cache.images.core.optasports.com/soccer/players/150x150/.png,0,0.00000
41220,Dusan Andjelkovic,DEF,214,Crvena Zvezda,RSB,0,0,5.1,0,0.050,0.9803921568627453,d,a,0,0,0,0,0,0,0,0,0,5.2,5.1,0,https://secure.cache.images.core.optasports.com/soccer/players/150x150/.png,0,0.00000
218449,Eder Militão,DEF,201,FC Porto,FCP,8,0,5.8,0,0.100,1.7316017316017316,u,a,2,0,0,1,1,0,0,0,0,5.8,5.7,8,https://secure.cache.images.core.optasports.com/soccer/players/150x150/425510.png,0,0.00000
57112,Eliaquim Mangala,DEF,43,Manchester City,MNC,0,0,5.4,0,0.050,0.9259259259259258,d,i,0,0,0,0,0,0,0,0,0,5.5,5.4,0,https://secure.cache.images.core.optasports.com/soccer/players/150x150/68177.png,0,0.00000
107363,Elseid Hysaj,DEF,459,Napoli,NAP,7,0,5.8,0,0.050,0.8695652173913043,d,a,1,0,0,0,1,0,0,0,0,5.8,5.7,7,https://secure.cache.images.core.optasports.com/soccer/players/150x150/155954.png,0,0.00000
197365,Eric Bailly,DEF,1,Manchester United,MNU,7,0,5.9,0,0.100,1.7094017094017095,u,a,1,0,0,0,1,0,0,0,0,5.9,5.8,7,https://secure.cache.images.core.optasports.com/soccer/players/150x150/289271.png,0,0.00000
69147,Ermin Bicakcic,DEF,1902,TSG 1899 Hoffenheim,TSG,0,0,5.4,0,0.050,0.9259259259259258,d,d,0,0,0,0,0,0,0,0,0,5.5,5.4,0,https://secure.cache.images.core.optasports.com/soccer/players/150x150/114354.png,0,0.00000
222599,Eros De Santis,DEF,121,Roma,ROM,0,0,5.0,0,0.050,1,d,a,0,0,0,0,0,0,0,0,0,5.1,5.0,0,https://secure.cache.images.core.optasports.com/soccer/players/150x150/.png,0,0.00000
28525,Ezequiel Garay,DEF,191,Valencia CF,VAL,7,0,5.7,0,0.100,1.7699115044247788,u,a,1,0,0,0,1,0,0,0,0,5.7,5.6,7,https://secure.cache.images.core.optasports.com/soccer/players/150x150/3765.png,0,0.00000
88746,Faouzi Ghoulam,DEF,459,Napoli,NAP,0,0,5.6,0,0.050,0.892857142857143,d,i,0,0,0,0,0,0,0,0,0,5.7,5.6,0,https://secure.cache.images.core.optasports.com/soccer/players/150x150/158334.png,0,0.00000
40792,Federico Fazio,DEF,121,Roma,ROM,6,0,5.9,0,0.100,1.694915254237288,u,a,2,0,0,3,1,0,0,0,0,5.9,5.8,6,https://secure.cache.images.core.optasports.com/soccer/players/150x150/18028.png,0,0.00000
116404,Felipe,DEF,201,FC Porto,FCP,8,0,5.4,0,0.100,1.8604651162790697,u,a,2,0,0,1,1,0,0,0,0,5.4,5.3,8,https://secure.cache.images.core.optasports.com/soccer/players/150x150/171943.png,0,0.00000
206255,Ferland Mendy,DEF,143,Lyon,LYN,1,0,5.8,0,0.050,0.8583690987124464,d,a,2,0,0,3,0,0,0,0,0,5.9,5.8,1,https://secure.cache.images.core.optasports.com/soccer/players/150x150/311836.png,0,0.00000
111291,Fernando Marçal de Oliveira,DEF,143,Lyon,LYN,0,0,5.6,0,0.050,0.892857142857143,d,a,0,0,0,0,0,0,0,0,0,5.7,5.6,0,https://secure.cache.images.core.optasports.com/soccer/players/150x150/112044.png,0,0.00000
446491,Filip Cihák,DEF,2703,Viktoria Plzen,VIK,0,0,5.0,0,0.050,1,d,a,0,0,0,0,0,0,0,0,0,5.1,5.0,0,https://secure.cache.images.core.optasports.com/soccer/players/150x150/.png,0,0.00000
104195,Filip Stojkovic,DEF,214,Crvena Zvezda,RSB,3,0,5.3,0,0.100,1.886792452830189,d,a,2,0,0,6,1,0,0,0,0,5.4,5.3,3,https://secure.cache.images.core.optasports.com/soccer/players/150x150/197469.png,0,0.00000
18595,Filipe Luis,DEF,175,Atlético de Madrid,ATM,1,0,6.2,0,0.025,0.4016064257028113,d,a,0,0,0,0,0,0,0,0,0,6.3,6.2,1,https://secure.cache.images.core.optasports.com/soccer/players/150x150/4505.png,0,0.00000
158074,Gabriel,DEF,191,Valencia CF,VAL,7,0,5.7,0,0.100,1.7699115044247788,u,a,2,0,0,2,1,0,0,0,0,5.7,5.6,7,https://secure.cache.images.core.optasports.com/soccer/players/150x150/121315.png,0,0.00000
52194,Georgy Schennikov,DEF,1340,CSKA Moscow,CSK,0,0,5.2,0,0.050,0.9615384615384616,d,a,0,0,0,0,0,0,0,0,0,5.3,5.2,0,https://secure.cache.images.core.optasports.com/soccer/players/150x150/66752.png,0,0.00000
18221,Gerard Piqué,DEF,178,Barcelona,FCB,7,0,6.5,0,0.050,0.7751937984496124,d,a,2,0,0,2,1,0,0,0,0,6.5,6.4,7,https://secure.cache.images.core.optasports.com/soccer/players/150x150/10605.png,0,0.00000
157729,Germán Conti,DEF,251,Benfica,BEN,0,0,5.6,0,0.050,0.892857142857143,d,a,1,0,0,2,0,0,0,0,0,5.7,5.6,0,https://secure.cache.images.core.optasports.com/soccer/players/150x150/290686.png,0,0.00000
151883,Giménez,DEF,175,Atlético de Madrid,ATM,9,0,6.3,0,0.025,0.398406374501992,d,a,2,1,0,2,0,0,0,0,0,6.3,6.2,9,https://secure.cache.images.core.optasports.com/soccer/players/150x150/263781.png,0,0.00000
18102,Giorgio Chiellini,DEF,128,Juventus,JUV,7,0,6.3,0,0.050,0.8,d,a,1,0,0,0,1,0,0,0,0,6.3,6.2,7,https://secure.cache.images.core.optasports.com/soccer/players/150x150/17684.png,0,0.00000
247134,Giorgos Giannoutsos,DEF,234,AEK Athens,AEK,0,0,5.1,0,0.050,0.9803921568627453,d,a,0,0,0,0,0,0,0,0,0,5.2,5.1,0,https://secure.cache.images.core.optasports.com/soccer/players/150x150/379049.png,0,0.00000
172594,Gregory Wüthrich,DEF,1963,Young Boys,BSC,0,0,5.3,0,0.050,0.9433962264150945,d,a,0,0,0,0,0,0,0,0,0,5.4,5.3,0,https://secure.cache.images.core.optasports.com/soccer/players/150x150/299110.png,0,0.00000
46528,Hakan Balta,DEF,208,Galatasaray,GAL,0,0,5.2,0,0.050,0.9615384615384616,d,a,0,0,0,0,0,0,0,0,0,5.3,5.2,0,https://secure.cache.images.core.optasports.com/soccer/players/150x150/.png,0,0.00000
232174,Hamza Mendyl,DEF,167,FC Schalke 04,SCH,7,0,5.6,0,0.100,1.8018018018018018,u,a,1,0,0,0,1,0,0,0,0,5.6,5.5,7,https://secure.cache.images.core.optasports.com/soccer/players/150x150/440122.png,0,0.00000
149666,Helibelton Palacios,DEF,413,Club Brugge,BRU,0,0,5.0,0,0.050,1,d,a,0,0,0,0,0,0,0,0,0,5.1,5.0,0,https://secure.cache.images.core.optasports.com/soccer/players/150x150/.png,0,0.00000
61767,Hrvoje Milic,DEF,459,Napoli,NAP,0,0,5.0,0,0.050,1,d,a,0,0,0,0,0,0,0,0,0,5.1,5.0,0,https://secure.cache.images.core.optasports.com/soccer/players/150x150/.png,0,0.00000
124907,Hélder Lopes,DEF,234,AEK Athens,AEK,0,0,5.2,0,0.050,0.9615384615384616,d,s,0,0,0,0,0,0,0,0,0,5.3,5.2,0,https://secure.cache.images.core.optasports.com/soccer/players/150x150/166056.png,0,0.00000
141558,Hördur Magnússon,DEF,1340,CSKA Moscow,CSK,0,0,5.0,0,0.050,1,d,i,0,0,0,0,0,0,0,0,0,5.1,5.0,0,https://secure.cache.images.core.optasports.com/soccer/players/150x150/99948.png,0,0.00000
87497,Ismaily,DEF,455,Shakhtar Donetsk,SHA,10,0,5.6,0,0.050,0.9009009009009009,u,a,2,1,1,4,0,0,0,0,0,5.6,5.4,10,https://secure.cache.images.core.optasports.com/soccer/players/150x150/89845.png,0,0.00000
231174,Ivan Lapshov,DEF,271,Lokomotiv Moscow,LCM,0,0,5.1,0,0.050,0.9803921568627453,d,a,0,0,0,0,0,0,0,0,0,5.2,5.1,0,https://secure.cache.images.core.optasports.com/soccer/players/150x150/.png,0,0.00000
93414,Ivan Ordets,DEF,455,Shakhtar Donetsk,SHA,0,0,5.3,0,0.050,0.9433962264150945,d,i,0,0,0,0,0,0,0,0,0,5.4,5.3,0,https://secure.cache.images.core.optasports.com/soccer/players/150x150/158314.png,0,0.00000
15157,James Milner,DEF,14,Liverpool,LIV,9,0,6.2,0,0.025,0.4048582995951417,d,a,2,1,0,2,0,0,0,0,0,6.2,6.1,9,https://secure.cache.images.core.optasports.com/soccer/players/150x150/2899.png,0,0.00000
453574,Jan Kronig,DEF,1963,Young Boys,BSC,0,0,5.1,0,0.050,0.9803921568627453,d,a,0,0,0,0,0,0,0,0,0,5.2,5.1,0,https://secure.cache.images.core.optasports.com/soccer/players/150x150/466769.png,0,0.00000
39194,Jan Vertonghen,DEF,6,Tottenham Hotspur,TOT,0,0,6.2,0,0.050,0.8064516129032258,d,d,1,0,0,2,0,0,0,0,0,6.3,6.2,0,https://secure.cache.images.core.optasports.com/soccer/players/150x150/2190.png,0,0.00000
84633,Jardel,DEF,251,Benfica,BEN,0,0,5.5,0,0.050,0.9090909090909092,d,i,1,0,0,2,0,0,0,0,0,5.6,5.5,0,https://secure.cache.images.core.optasports.com/soccer/players/150x150/89839.png,0,0.00000
160729,Jason Denayer,DEF,143,Lyon,LYN,1,0,5.6,0,0.050,0.8888888888888888,d,a,2,0,0,3,0,0,0,0,0,5.7,5.6,1,https://secure.cache.images.core.optasports.com/soccer/players/150x150/314033.png,0,0.00000
158494,Jean-Charles Castelletto,DEF,413,Club Brugge,BRU,0,0,5.0,0,0.050,1,d,a,0,0,0,0,0,0,0,0,0,5.1,5.0,0,https://secure.cache.images.core.optasports.com/soccer/players/150x150/.png,0,0.00000
107117,Jeison Murillo,DEF,191,Valencia CF,VAL,0,0,5.4,0,0.050,0.9259259259259258,d,a,1,0,0,2,0,0,0,0,0,5.5,5.4,0,https://secure.cache.images.core.optasports.com/soccer/players/150x150/102859.png,0,0.00000
107117,Jeison Murillo,DEF,191,Valencia CF,VAL,0,0,5.4,0,0.050,0.9259259259259258,d,a,1,0,0,2,0,0,0,0,0,5.5,5.4,0,https://secure.cache.images.core.optasports.com/soccer/players/150x150/102859.png,0,0.00000
162654,Jemerson,DEF,146,Monaco,MON,-1,0,5.6,0,0.100,1.8018018018018018,d,a,2,0,0,5,0,0,0,0,0,5.7,5.6,-1,https://secure.cache.images.core.optasports.com/soccer/players/150x150/297440.png,0,0.00000
160540,Jeremy Toljan,DEF,157,Borussia Dortmund,BVB,0,0,5.8,0,0.050,0.8620689655172413,d,a,0,0,0,0,0,0,0,0,0,5.9,5.8,0,https://secure.cache.images.core.optasports.com/soccer/players/150x150/182732.png,0,0.00000
178876,Jesús Vallejo,DEF,186,Real Madrid,RMD,0,0,5.0,0,0.050,1,d,a,0,0,0,0,0,0,0,0,0,5.1,5.0,0,https://secure.cache.images.core.optasports.com/soccer/players/150x150/316436.png,0,0.00000
60914,Joel Matip,DEF,14,Liverpool,LIV,0,0,5.5,0,0.050,0.9090909090909092,d,a,0,0,0,0,0,0,0,0,0,5.6,5.5,0,https://secure.cache.images.core.optasports.com/soccer/players/150x150/101189.png,0,0.00000
97299,John Stones,DEF,43,Manchester City,MNC,1,0,6.0,0,0.025,0.4149377593360996,d,a,1,0,0,2,0,0,0,0,0,6.1,6.0,1,https://secure.cache.images.core.optasports.com/soccer/players/150x150/189445.png,0,0.00000
76359,Jones.P,DEF,1,Manchester United,MNU,0,0,5.7,0,0.050,0.8771929824561403,d,a,0,0,0,0,0,0,0,0,0,5.8,5.7,0,https://secure.cache.images.core.optasports.com/soccer/players/150x150/97299.png,0,0.00000
229707,Jordan Lotomba,DEF,1963,Young Boys,BSC,0,0,5.1,0,0.050,0.9803921568627453,d,i,0,0,0,0,0,0,0,0,0,5.2,5.1,0,https://secure.cache.images.core.optasports.com/soccer/players/150x150/405870.png,0,0.00000
222695,Jordan Teze,DEF,204,PSV,PSV,0,0,5.3,0,0.050,0.9433962264150945,d,a,0,0,0,0,0,0,0,0,0,5.4,5.3,0,https://secure.cache.images.core.optasports.com/soccer/players/150x150/426583.png,0,0.00000
52356,Jordi Alba,DEF,178,Barcelona,FCB,16,0,6.8,0,0.150,2.2222222222222223,u,a,2,0,3,2,1,0,0,0,0,6.8,6.5,16,https://secure.cache.images.core.optasports.com/soccer/players/150x150/60883.png,0,0.00000
234458,Jordy Gaspar,DEF,146,Monaco,MON,0,0,5.0,0,0.050,1,d,a,0,0,0,0,0,0,0,0,0,5.1,5.0,0,https://secure.cache.images.core.optasports.com/soccer/players/150x150/363051.png,0,0.00000
171287,Joseph Gomez,DEF,14,Liverpool,LIV,1,0,5.9,0,0.025,0.42194092827004226,d,a,2,0,0,3,0,0,0,0,0,6.0,5.9,1,https://secure.cache.images.core.optasports.com/soccer/players/150x150/290182.png,0,0.00000
148205,Joshua Brenet,DEF,1902,TSG 1899 Hoffenheim,TSG,0,0,5.5,0,0.050,0.9090909090909092,d,a,1,0,0,2,0,0,0,0,0,5.6,5.5,0,https://secure.cache.images.core.optasports.com/soccer/players/150x150/218113.png,0,0.00000
165687,Joshua Kimmich,DEF,156,FC Bayern München,BAY,8,0,6.6,0,0.025,0.38022813688212925,d,a,2,0,0,1,1,0,0,0,0,6.6,6.5,8,https://secure.cache.images.core.optasports.com/soccer/players/150x150/260016.png,0,0.00000
132105,José Gayá,DEF,191,Valencia CF,VAL,7,0,5.7,0,0.100,1.7699115044247788,u,a,2,0,0,2,1,0,0,0,0,5.7,5.6,7,https://secure.cache.images.core.optasports.com/soccer/players/150x150/228139.png,0,0.00000
121145,João Cancelo,DEF,128,Juventus,JUV,10,0,6.0,0,0.050,0.8333333333333334,d,a,1,0,1,0,1,0,0,0,0,6.1,5.9,10,https://secure.cache.images.core.optasports.com/soccer/players/150x150/161784.png,0,0.00000
197088,João Pedro,DEF,201,FC Porto,FCP,0,0,5.2,0,0.050,0.9615384615384616,d,a,0,0,0,0,0,0,0,0,0,5.3,5.2,0,https://secure.cache.images.core.optasports.com/soccer/players/150x150/371205.png,0,0.00000
111478,Joël Veltman,DEF,215,Ajax,AJA,0,0,5.4,0,0.050,0.9259259259259258,d,i,0,0,0,0,0,0,0,0,0,5.5,5.4,0,https://secure.cache.images.core.optasports.com/soccer/players/150x150/102878.png,0,0.00000
105046,Juan Bernat,DEF,149,Paris Saint-Germain,PSG,0,0,5.9,0,0.025,0.425531914893617,d,a,2,0,0,4,0,0,0,0,0,6.0,5.9,0,https://secure.cache.images.core.optasports.com/soccer/players/150x150/204842.png,0,0.00000
234908,Juan Foyth,DEF,6,Tottenham Hotspur,TOT,0,0,5.0,0,0.050,1,d,i,0,0,0,0,0,0,0,0,0,5.1,5.0,0,https://secure.cache.images.core.optasports.com/soccer/players/150x150/456479.png,0,0.00000
91990,Juan Jesus,DEF,121,Roma,ROM,7,0,5.6,0,0.100,1.8018018018018018,u,a,1,0,0,0,1,0,0,0,0,5.6,5.5,7,https://secure.cache.images.core.optasports.com/soccer/players/150x150/113524.png,0,0.00000
17804,Juanfran,DEF,175,Atlético de Madrid,ATM,1,0,6.0,0,0.050,0.8298755186721992,d,a,1,0,0,1,0,0,0,0,0,6.1,6.0,1,https://secure.cache.images.core.optasports.com/soccer/players/150x150/3012.png,0,0.00000
240131,Julien Serrano,DEF,146,Monaco,MON,0,0,5.0,0,0.050,1,d,a,0,0,0,0,0,0,0,0,0,5.1,5.0,0,https://secure.cache.images.core.optasports.com/soccer/players/150x150/460172.png,0,0.00000
223841,Justin Hoogma,DEF,1902,TSG 1899 Hoffenheim,TSG,0,0,5.2,0,0.050,0.9615384615384616,d,a,1,0,0,2,0,0,0,0,0,5.3,5.2,0,https://secure.cache.images.core.optasports.com/soccer/players/150x150/432697.png,0,0.00000
37832,Jérémy Morel,DEF,143,Lyon,LYN,0,0,5.6,0,0.050,0.892857142857143,d,a,0,0,0,0,0,0,0,0,0,5.7,5.6,0,https://secure.cache.images.core.optasports.com/soccer/players/150x150/1124.png,0,0.00000
40691,Jérôme Boateng,DEF,156,FC Bayern München,BAY,8,0,6.4,0,0.025,0.39215686274509803,d,a,2,0,0,1,1,0,0,0,0,6.4,6.3,8,https://secure.cache.images.core.optasports.com/soccer/players/150x150/5917.png,0,0.00000
86129,Kalidou Koulibaly,DEF,459,Napoli,NAP,14,0,6.5,0,0.100,1.5384615384615385,u,a,2,0,0,0,2,0,0,0,0,6.5,6.3,14,https://secure.cache.images.core.optasports.com/soccer/players/150x150/139596.png,0,0.00000
71403,Kamil Glik,DEF,146,Monaco,MON,-1,0,5.9,0,0.100,1.7094017094017095,d,a,2,0,0,5,0,0,0,0,0,6.0,5.9,-1,https://secure.cache.images.core.optasports.com/soccer/players/150x150/61019.png,0,0.00000
198244,Kasim Nuhu,DEF,1902,TSG 1899 Hoffenheim,TSG,0,0,5.2,0,0.050,0.9615384615384616,d,i,0,0,0,0,0,0,0,0,0,5.3,5.2,0,https://secure.cache.images.core.optasports.com/soccer/players/150x150/369345.png,0,0.00000
167074,Kenny Tete,DEF,143,Lyon,LYN,0,0,5.2,0,0.050,0.9615384615384616,d,a,0,0,0,0,0,0,0,0,0,5.3,5.2,0,https://secure.cache.images.core.optasports.com/soccer/players/150x150/215546.png,0,0.00000
120002,Kevin Akpoguma,DEF,1902,TSG 1899 Hoffenheim,TSG,0,0,5.2,0,0.050,0.9615384615384616,d,a,1,0,0,2,0,0,0,0,0,5.3,5.2,0,https://secure.cache.images.core.optasports.com/soccer/players/150x150/213932.png,0,0.00000
83340,Kevin Malcuit,DEF,459,Napoli,NAP,0,0,5.0,0,0.050,1,d,a,0,0,0,0,0,0,0,0,0,5.1,5.0,0,https://secure.cache.images.core.optasports.com/soccer/players/150x150/146639.png,0,0.00000
120721,Kevin Mbabu,DEF,1963,Young Boys,BSC,-1,0,5.2,0,0.050,0.9708737864077669,d,a,1,0,0,3,0,0,0,0,0,5.3,5.2,-1,https://secure.cache.images.core.optasports.com/soccer/players/150x150/235506.png,0,0.00000
120721,Kevin Mbabu,DEF,1963,Young Boys,BSC,-1,0,5.2,0,0.050,0.9708737864077669,d,a,1,0,0,3,0,0,0,0,0,5.3,5.2,-1,https://secure.cache.images.core.optasports.com/soccer/players/150x150/235506.png,0,0.00000
218796,Kevin N'Doram,DEF,146,Monaco,MON,0,0,5.0,0,0.050,1,d,a,1,0,0,2,0,0,0,0,0,5.1,5.0,0,https://secure.cache.images.core.optasports.com/soccer/players/150x150/327220.png,0,0.00000
102660,Kevin Rimane,DEF,149,Paris Saint-Germain,PSG,0,0,5.0,0,0.050,1,d,a,0,0,0,0,0,0,0,0,0,5.1,5.0,0,https://secure.cache.images.core.optasports.com/soccer/players/150x150/157942.png,0,0.00000
77794,Kieran Trippier,DEF,6,Tottenham Hotspur,TOT,-2,0,6.2,0,0.100,1.6260162601626014,d,a,1,0,0,4,0,0,0,0,0,6.3,6.2,-2,https://secure.cache.images.core.optasports.com/soccer/players/150x150/97354.png,0,0.00000
51091,Kirill Nababkin,DEF,1340,CSKA Moscow,CSK,7,0,5.5,0,0.100,1.834862385321101,u,a,2,0,0,2,1,0,0,0,0,5.5,5.4,7,https://secure.cache.images.core.optasports.com/soccer/players/150x150/6559.png,0,0.00000
131758,Konstantinos Manolas,DEF,234,AEK Athens,AEK,0,0,5.0,0,0.050,1,d,a,0,0,0,0,0,0,0,0,0,5.1,5.0,0,https://secure.cache.images.core.optasports.com/soccer/players/150x150/.png,0,0.00000
66806,Kostas Manolas,DEF,121,Roma,ROM,-1,0,6.0,0,0.050,0.8403361344537815,d,a,1,0,0,3,0,0,0,0,0,6.1,6.0,-1,https://secure.cache.images.core.optasports.com/soccer/players/150x150/74396.png,0,0.00000
58621,Kyle Walker,DEF,43,Manchester City,MNC,1,0,6.2,0,0.025,0.4016064257028113,d,a,2,0,0,3,0,0,0,0,0,6.3,6.2,1,https://secure.cache.images.core.optasports.com/soccer/players/150x150/68532.png,0,0.00000
158534,Kyle Walker-Peters,DEF,6,Tottenham Hotspur,TOT,0,0,5.2,0,0.050,0.9615384615384616,d,a,0,0,0,0,0,0,0,0,0,5.3,5.2,0,https://secure.cache.images.core.optasports.com/soccer/players/150x150/425059.png,0,0.00000
179518,Laurent Lemoine,DEF,413,Club Brugge,BRU,0,0,5.0,0,0.050,1,d,a,0,0,0,0,0,0,0,0,0,5.1,5.0,0,https://secure.cache.images.core.optasports.com/soccer/players/150x150/.png,0,0.00000
89068,Layvin Kurzawa,DEF,149,Paris Saint-Germain,PSG,0,0,5.9,0,0.050,0.847457627118644,d,i,0,0,0,0,0,0,0,0,0,6.0,5.9,0,https://secure.cache.images.core.optasports.com/soccer/players/150x150/155095.png,0,0.00000
449330,Leo Seydoux,DEF,1963,Young Boys,BSC,0,0,5.1,0,0.050,0.9803921568627453,d,a,0,0,0,0,0,0,0,0,0,5.2,5.1,0,https://secure.cache.images.core.optasports.com/soccer/players/150x150/468821.png,0,0.00000
28277,Leonardo Bonucci,DEF,128,Juventus,JUV,20,0,6.6,0,0.150,2.272727272727273,u,a,2,0,2,0,2,0,0,0,0,6.6,6.3,20,https://secure.cache.images.core.optasports.com/soccer/players/150x150/3979.png,0,0.00000
68260,Loris Benito,DEF,1963,Young Boys,BSC,-2,0,5.2,0,0.100,1.9230769230769231,d,a,2,0,0,6,0,0,0,0,0,5.4,5.2,-2,https://secure.cache.images.core.optasports.com/soccer/players/150x150/109710.png,0,0.00000
177194,Luan Peres,DEF,413,Club Brugge,BRU,0,0,5.4,0,0.050,0.9259259259259258,d,a,0,0,0,0,0,0,0,0,0,5.5,5.4,0,https://secure.cache.images.core.optasports.com/soccer/players/150x150/302497.png,0,0.00000
215981,Luca Pellegrini,DEF,121,Roma,ROM,1,0,5.0,0,0.025,0.4975124378109453,d,a,0,0,0,0,0,0,0,0,0,5.1,5.0,1,https://secure.cache.images.core.optasports.com/soccer/players/150x150/419721.png,0,0.00000
174888,Lucas Hernández,DEF,175,Atlético de Madrid,ATM,2,0,6.0,0,0.025,0.42016806722689076,d,a,2,0,0,2,0,0,0,0,0,6.0,6.0,2,https://secure.cache.images.core.optasports.com/soccer/players/150x150/314311.png,0,0.00000
83411,Ludek Pernica,DEF,2703,Viktoria Plzen,VIK,0,0,5.1,0,0.050,0.9803921568627453,d,a,1,0,0,2,0,0,0,0,0,5.2,5.1,0,https://secure.cache.images.core.optasports.com/soccer/players/150x150/125820.png,0,0.00000
167774,Luis Orejuela,DEF,215,Ajax,AJA,0,0,5.0,0,0.050,1,d,a,0,0,0,0,0,0,0,0,0,5.1,5.0,0,https://secure.cache.images.core.optasports.com/soccer/players/150x150/306588.png,0,0.00000
77019,Lukas Hejda,DEF,2703,Viktoria Plzen,VIK,-3,0,5.3,0,0.100,1.9047619047619049,d,a,1,0,0,6,0,0,0,0,0,5.4,5.3,-3,https://secure.cache.images.core.optasports.com/soccer/players/150x150/86759.png,0,0.00000
42566,Lukasz Piszczek,DEF,157,Borussia Dortmund,BVB,14,0,6.1,0,0.100,1.639344262295082,u,a,2,0,0,0,2,0,0,0,0,6.1,5.9,14,https://secure.cache.images.core.optasports.com/soccer/players/150x150/16492.png,0,0.00000
106760,Luke Shaw,DEF,1,Manchester United,MNU,17,0,6.3,0,0.100,1.6,u,a,2,0,1,0,2,0,0,0,0,6.3,6.0,17,https://secure.cache.images.core.optasports.com/soccer/players/150x150/209805.png,0,0.00000
71389,Maciej Rybus,DEF,271,Lokomotiv Moscow,LCM,0,0,5.4,0,0.050,0.9259259259259258,d,i,0,0,0,0,0,0,0,0,0,5.5,5.4,0,https://secure.cache.images.core.optasports.com/soccer/players/150x150/20899.png,0,0.00000
56107,Maicon,DEF,208,Galatasaray,GAL,2,0,5.6,0,0.025,0.45045045045045046,d,a,1,0,0,1,0,0,0,0,0,5.6,5.6,2,https://secure.cache.images.core.optasports.com/soccer/players/150x150/90037.png,0,0.00000
211975,Manuel Akanji,DEF,157,Borussia Dortmund,BVB,14,0,5.9,0,0.100,1.694915254237288,u,a,2,0,0,0,2,0,0,0,0,5.9,5.7,14,https://secure.cache.images.core.optasports.com/soccer/players/150x150/329229.png,0,0.00000
44488,Mapou Yanga-Mbiwa,DEF,143,Lyon,LYN,0,0,5.4,0,0.050,0.9259259259259258,d,a,0,0,0,0,0,0,0,0,0,5.5,5.4,0,https://secure.cache.images.core.optasports.com/soccer/players/150x150/37674.png,0,0.00000
42874,Marcano,DEF,121,Roma,ROM,0,0,5.5,0,0.050,0.9090909090909092,d,a,0,0,0,0,0,0,0,0,0,5.6,5.5,0,https://secure.cache.images.core.optasports.com/soccer/players/150x150/18902.png,0,0.00000
52516,Marcel Schmelzer,DEF,157,Borussia Dortmund,BVB,7,0,6.0,0,0.050,0.8403361344537815,d,a,1,0,0,0,1,0,0,0,0,6.0,5.9,7,https://secure.cache.images.core.optasports.com/soccer/players/150x150/39421.png,0,0.00000
52573,Marcelo,DEF,143,Lyon,LYN,1,0,5.7,0,0.050,0.8733624454148473,d,a,2,0,0,3,0,0,0,0,0,5.8,5.7,1,https://secure.cache.images.core.optasports.com/soccer/players/150x150/9354.png,0,0.00000
39563,Marcelo,DEF,186,Real Madrid,RMD,10,0,6.5,0,0.050,0.7692307692307693,d,i,1,0,1,0,1,0,0,0,0,6.6,6.4,10,https://secure.cache.images.core.optasports.com/soccer/players/150x150/17462.png,0,0.00000
116699,Marco Bürki,DEF,1963,Young Boys,BSC,0,0,5.0,0,0.050,1,d,a,0,0,0,0,0,0,0,0,0,5.1,5.0,0,https://secure.cache.images.core.optasports.com/soccer/players/150x150/.png,0,0.00000
58893,Marcos Rojo,DEF,1,Manchester United,MNU,0,0,5.6,0,0.050,0.892857142857143,d,i,0,0,0,0,0,0,0,0,0,5.7,5.6,0,https://secure.cache.images.core.optasports.com/soccer/players/150x150/68939.png,0,0.00000
16020,Marian Cisovsky,DEF,2703,Viktoria Plzen,VIK,0,0,5.2,0,0.050,0.9615384615384616,d,a,0,0,0,0,0,0,0,0,0,5.3,5.2,0,https://secure.cache.images.core.optasports.com/soccer/players/150x150/38036.png,0,0.00000
53268,Mariano,DEF,208,Galatasaray,GAL,0,0,5.4,0,0.050,0.9259259259259258,d,a,0,0,0,0,0,0,0,0,0,5.5,5.4,0,https://secure.cache.images.core.optasports.com/soccer/players/150x150/32947.png,0,0.00000
65854,Mario Fernandes,DEF,1340,CSKA Moscow,CSK,10,0,5.8,0,0.100,1.7391304347826086,u,a,2,0,1,2,1,0,0,0,0,5.8,5.6,10,https://secure.cache.images.core.optasports.com/soccer/players/150x150/82789.png,0,0.00000
105396,Marios Oikonomou,DEF,234,AEK Athens,AEK,2,0,5.4,0,0.050,0.9345794392523366,u,a,2,0,1,5,0,0,0,0,0,5.4,5.3,2,https://secure.cache.images.core.optasports.com/soccer/players/150x150/223054.png,0,0.00000
116406,Marquinhos,DEF,149,Paris Saint-Germain,PSG,-1,0,6.0,0,0.050,0.8403361344537815,d,a,1,0,0,3,0,0,0,0,0,6.1,6.0,-1,https://secure.cache.images.core.optasports.com/soccer/players/150x150/180884.png,0,0.00000
89246,Martin Linnes,DEF,208,Galatasaray,GAL,8,0,5.5,0,0.025,0.45662100456621013,d,a,2,0,0,1,1,0,0,0,0,5.5,5.4,8,https://secure.cache.images.core.optasports.com/soccer/players/150x150/115101.png,0,0.00000
170950,Matej Mitrovic,DEF,413,Club Brugge,BRU,1,0,5.3,0,0.050,0.9389671361502347,d,a,1,0,0,1,0,0,0,0,0,5.4,5.3,1,https://secure.cache.images.core.optasports.com/soccer/players/150x150/231721.png,0,0.00000
84702,Matija Nastasic,DEF,167,FC Schalke 04,SCH,1,0,5.5,0,0.050,0.9049773755656108,d,a,1,0,0,1,0,0,0,0,0,5.6,5.5,1,https://secure.cache.images.core.optasports.com/soccer/players/150x150/134365.png,0,0.00000
38392,Mats Hummels,DEF,156,FC Bayern München,BAY,15,0,6.5,0,0.100,1.5384615384615385,u,a,2,1,0,1,1,0,0,0,0,6.5,6.3,15,https://secure.cache.images.core.optasports.com/soccer/players/150x150/16381.png,0,0.00000
40002,Matteo Darmian,DEF,1,Manchester United,MNU,0,0,5.7,0,0.050,0.8771929824561403,d,a,0,0,0,0,0,0,0,0,0,5.8,5.7,0,https://secure.cache.images.core.optasports.com/soccer/players/150x150/17720.png,0,0.00000
209365,Matthijs de Ligt,DEF,215,Ajax,AJA,1,0,5.7,0,0.025,0.43668122270742366,d,a,1,0,0,1,0,0,0,0,0,5.8,5.7,1,https://secure.cache.images.core.optasports.com/soccer/players/150x150/399768.png,0,0.00000
107013,Mattia De Sciglio,DEF,128,Juventus,JUV,0,0,5.9,0,0.050,0.847457627118644,d,i,0,0,0,0,0,0,0,0,0,6.0,5.9,0,https://secure.cache.images.core.optasports.com/soccer/players/150x150/158411.png,0,0.00000
32284,Maxi Pereira,DEF,201,FC Porto,FCP,8,0,5.9,0,0.100,1.702127659574468,u,a,2,0,0,1,1,0,0,0,0,5.9,5.8,8,https://secure.cache.images.core.optasports.com/soccer/players/150x150/10391.png,0,0.00000
220087,Maximilian Wöber,DEF,215,Ajax,AJA,1,0,5.4,0,0.025,0.4608294930875576,d,a,1,0,0,1,0,0,0,0,0,5.5,5.4,1,https://secure.cache.images.core.optasports.com/soccer/players/150x150/400831.png,0,0.00000
28552,Medhi Benatia,DEF,128,Juventus,JUV,7,0,6.0,0,0.100,1.680672268907563,u,a,1,0,0,0,1,0,0,0,0,6.0,5.9,7,https://secure.cache.images.core.optasports.com/soccer/players/150x150/13730.png,0,0.00000
166385,Michalis Bakakis,DEF,234,AEK Athens,AEK,0,0,5.3,0,0.100,1.8957345971563981,d,a,2,0,0,4,0,0,0,0,0,5.4,5.3,0,https://secure.cache.images.core.optasports.com/soccer/players/150x150/154644.png,0,0.00000
437764,Micheal Scarf,DEF,459,Napoli,NAP,0,0,5.0,0,0.050,1,d,a,0,0,0,0,0,0,0,0,0,5.1,5.0,0,https://secure.cache.images.core.optasports.com/soccer/players/150x150/.png,0,0.00000
218792,Milan Havel,DEF,2703,Viktoria Plzen,VIK,0,0,5.2,0,0.050,0.9615384615384616,d,a,0,0,0,0,0,0,0,0,0,5.3,5.2,0,https://secure.cache.images.core.optasports.com/soccer/players/150x150/296378.png,0,0.00000
81495,Milan Rodic,DEF,214,Crvena Zvezda,RSB,3,0,5.3,0,0.100,1.886792452830189,d,a,2,0,0,6,1,0,0,0,0,5.4,5.3,3,https://secure.cache.images.core.optasports.com/soccer/players/150x150/90105.png,0,0.00000
112065,Milan Skriniar,DEF,127,Internazionale,INT,2,0,5.9,0,0.025,0.4273504273504274,d,a,2,0,0,2,0,0,0,0,0,5.9,5.9,2,https://secure.cache.images.core.optasports.com/soccer/players/150x150/213590.png,0,0.00000
149037,Milos Degenek,DEF,214,Crvena Zvezda,RSB,3,0,5.3,0,0.100,1.886792452830189,d,a,2,0,0,6,1,0,0,0,0,5.4,5.3,3,https://secure.cache.images.core.optasports.com/soccer/players/150x150/193362.png,0,0.00000
52496,Miranda,DEF,127,Internazionale,INT,1,0,5.9,0,0.050,0.8438818565400845,d,a,1,0,0,1,0,0,0,0,0,6.0,5.9,1,https://secure.cache.images.core.optasports.com/soccer/players/150x150/1341.png,0,0.00000
247957,Mitchel Bakker,DEF,215,Ajax,AJA,0,0,5.0,0,0.050,1,d,a,0,0,0,0,0,0,0,0,0,5.1,5.0,0,https://secure.cache.images.core.optasports.com/soccer/players/150x150/463008.png,0,0.00000
423877,Mohamed Camara,DEF,1963,Young Boys,BSC,-7,0,5.0,0,0.100,2,d,a,2,0,0,6,0,0,0,1,0,5.2,5.0,-7,https://secure.cache.images.core.optasports.com/soccer/players/150x150/437742.png,0,0.00000
208135,Mouctar Diakhaby,DEF,191,Valencia CF,VAL,0,0,5.4,0,0.050,0.9259259259259258,d,a,0,0,0,0,0,0,0,0,0,5.5,5.4,0,https://secure.cache.images.core.optasports.com/soccer/players/150x150/325868.png,0,0.00000
216096,Mykola Matvyenko,DEF,455,Shakhtar Donetsk,SHA,0,0,5.2,0,0.050,0.9615384615384616,d,a,1,0,0,2,0,0,0,0,0,5.3,5.2,0,https://secure.cache.images.core.optasports.com/soccer/players/150x150/314172.png,0,0.00000
101019,Mário Rui,DEF,459,Napoli,NAP,14,0,5.9,0,0.100,1.694915254237288,u,a,2,0,0,0,2,0,0,0,0,5.9,5.7,14,https://secure.cache.images.core.optasports.com/soccer/players/150x150/134609.png,0,0.00000
88477,Nacho,DEF,186,Real Madrid,RMD,1,0,5.9,0,0.025,0.42194092827004226,d,a,1,0,0,1,0,0,0,0,0,6.0,5.9,1,https://secure.cache.images.core.optasports.com/soccer/players/150x150/145424.png,0,0.00000
20690,Naldo,DEF,167,FC Schalke 04,SCH,8,0,5.7,0,0.100,1.762114537444934,u,a,2,0,0,1,1,0,0,0,0,5.7,5.6,8,https://secure.cache.images.core.optasports.com/soccer/players/150x150/2039.png,0,0.00000
57328,Nathaniel Clyne,DEF,14,Liverpool,LIV,0,0,5.3,0,0.050,0.9433962264150945,d,a,0,0,0,0,0,0,0,0,0,5.4,5.3,0,https://secure.cache.images.core.optasports.com/soccer/players/150x150/66379.png,0,0.00000
200402,Nelsinho,DEF,178,Barcelona,FCB,0,0,5.7,0,0.050,0.8771929824561403,d,a,1,0,0,2,0,0,0,0,0,5.8,5.7,0,https://secure.cache.images.core.optasports.com/soccer/players/150x150/257122.png,0,0.00000
59836,Nick Viergever,DEF,204,PSV,PSV,1,0,5.8,0,0.050,0.8583690987124464,d,a,2,0,0,3,0,0,0,0,0,5.9,5.8,1,https://secure.cache.images.core.optasports.com/soccer/players/150x150/78529.png,0,0.00000
85073,Nico Schulz,DEF,1902,TSG 1899 Hoffenheim,TSG,0,0,5.2,0,0.050,0.9615384615384616,d,a,1,0,0,2,0,0,0,0,0,5.3,5.2,0,https://secure.cache.images.core.optasports.com/soccer/players/150x150/153049.png,0,0.00000
83233,Nicolas Isimat-Mirin,DEF,204,PSV,PSV,-2,0,5.4,0,0.050,0.9345794392523366,d,a,0,0,0,3,0,0,0,0,0,5.5,5.4,-2,https://secure.cache.images.core.optasports.com/soccer/players/150x150/146680.png,0,0.00000
57410,Nicolás Otamendi,DEF,43,Manchester City,MNC,1,0,6.1,0,0.025,0.40816326530612246,d,a,1,0,0,1,0,0,0,0,0,6.2,6.1,1,https://secure.cache.images.core.optasports.com/soccer/players/150x150/66411.png,0,0.00000
86479,Nicolás Tagliafico,DEF,215,Ajax,AJA,22,0,6.0,0,0.025,0.4184100418410042,d,a,2,2,0,1,1,0,0,0,0,6.0,5.8,22,https://secure.cache.images.core.optasports.com/soccer/players/150x150/102599.png,0,0.00000
173457,Nikita Chernov,DEF,1340,CSKA Moscow,CSK,7,0,5.6,0,0.100,1.8018018018018018,u,a,2,0,0,2,1,0,0,0,0,5.6,5.5,7,https://secure.cache.images.core.optasports.com/soccer/players/150x150/269499.png,0,0.00000
161450,Niklas Süle,DEF,156,FC Bayern München,BAY,1,0,6.1,0,0.025,0.40816326530612246,d,a,0,0,0,0,0,0,0,0,0,6.2,6.1,1,https://secure.cache.images.core.optasports.com/soccer/players/150x150/213636.png,0,0.00000
155523,Oleg Danchenko,DEF,455,Shakhtar Donetsk,SHA,0,0,5.4,0,0.050,0.9259259259259258,d,a,0,0,0,0,0,0,0,0,0,5.5,5.4,0,https://secure.cache.images.core.optasports.com/soccer/players/150x150/286649.png,0,0.00000
432649,Oumar Solet,DEF,143,Lyon,LYN,0,0,5.0,0,0.050,1,d,a,0,0,0,0,0,0,0,0,0,5.1,5.0,0,https://secure.cache.images.core.optasports.com/soccer/players/150x150/470878.png,0,0.00000
438277,Ozan Kabak,DEF,208,Galatasaray,GAL,0,0,5.0,0,0.050,1,d,a,0,0,0,0,0,0,0,0,0,5.1,5.0,0,https://secure.cache.images.core.optasports.com/soccer/players/150x150/461755.png,0,0.00000
88169,Pavel Kaderábek,DEF,1902,TSG 1899 Hoffenheim,TSG,0,0,5.4,0,0.050,0.9259259259259258,d,a,2,0,0,4,0,0,0,0,0,5.5,5.4,0,https://secure.cache.images.core.optasports.com/soccer/players/150x150/132279.png,0,0.00000
223203,Perr Schuurs,DEF,215,Ajax,AJA,0,0,5.0,0,0.050,1,d,a,0,0,0,0,0,0,0,0,0,5.1,5.0,0,https://secure.cache.images.core.optasports.com/soccer/players/150x150/435350.png,0,0.00000
129479,Presnel Kimpembe,DEF,149,Paris Saint-Germain,PSG,0,0,5.8,0,0.025,0.4329004329004329,d,a,2,0,0,4,0,0,0,0,0,5.9,5.8,0,https://secure.cache.images.core.optasports.com/soccer/players/150x150/265372.png,0,0.00000
51959,Radim Reznik,DEF,2703,Viktoria Plzen,VIK,0,0,5.1,0,0.100,1.9801980198019802,d,a,2,0,1,7,0,0,0,0,0,5.2,5.1,0,https://secure.cache.images.core.optasports.com/soccer/players/150x150/26206.png,0,0.00000
54772,Rafael,DEF,143,Lyon,LYN,1,0,5.7,0,0.050,0.8733624454148473,d,a,1,0,0,1,0,0,0,0,0,5.8,5.7,1,https://secure.cache.images.core.optasports.com/soccer/players/150x150/55715.png,0,0.00000
21227,Rafinha,DEF,156,FC Bayern München,BAY,0,0,5.9,0,0.050,0.847457627118644,d,i,0,0,0,0,0,0,0,0,0,6.0,5.9,0,https://secure.cache.images.core.optasports.com/soccer/players/150x150/1975.png,0,0.00000
120772,Raphael Guerreiro,DEF,157,Borussia Dortmund,BVB,0,0,5.7,0,0.050,0.8771929824561403,d,d,0,0,0,0,0,0,0,0,0,5.8,5.7,0,https://secure.cache.images.core.optasports.com/soccer/players/150x150/163518.png,0,0.00000
90152,Raphael Varane,DEF,186,Real Madrid,RMD,8,0,6.5,0,0.025,0.38610038610038616,d,a,2,0,0,1,1,0,0,0,0,6.5,6.4,8,https://secure.cache.images.core.optasports.com/soccer/players/150x150/156706.png,0,0.00000
224209,Rasmus Nissen,DEF,215,Ajax,AJA,0,0,5.3,0,0.050,0.9433962264150945,d,a,0,0,0,0,0,0,0,0,0,5.4,5.3,0,https://secure.cache.images.core.optasports.com/soccer/players/150x150/423940.png,0,0.00000
18003,Raúl Albiol,DEF,459,Napoli,NAP,14,0,6.1,0,0.100,1.639344262295082,u,a,2,0,0,0,2,0,0,0,0,6.1,5.9,14,https://secure.cache.images.core.optasports.com/soccer/players/150x150/3017.png,0,0.00000
186665,Rick Karsdorp,DEF,121,Roma,ROM,0,0,5.2,0,0.050,0.9615384615384616,d,a,0,0,0,0,0,0,0,0,0,5.3,5.2,0,https://secure.cache.images.core.optasports.com/soccer/players/150x150/322327.png,0,0.00000
220063,Rodrigo Becão,DEF,1340,CSKA Moscow,CSK,7,0,5.4,0,0.100,1.869158878504673,u,a,2,0,0,2,1,0,0,0,0,5.4,5.3,7,https://secure.cache.images.core.optasports.com/soccer/players/150x150/429988.png,0,0.00000
101299,Rodrigo Galo,DEF,234,AEK Athens,AEK,1,0,5.2,0,0.025,0.47846889952153115,d,a,0,0,0,0,0,0,0,0,0,5.3,5.2,1,https://secure.cache.images.core.optasports.com/soccer/players/150x150/32444.png,0,0.00000
42605,Roman Hubnik,DEF,2703,Viktoria Plzen,VIK,-3,0,5.3,0,0.100,1.9047619047619049,d,a,2,0,0,7,0,0,0,0,0,5.4,5.3,-3,https://secure.cache.images.core.optasports.com/soccer/players/150x150/6557.png,0,0.00000
38290,Rose. D,DEF,6,Tottenham Hotspur,TOT,0,0,5.9,0,0.050,0.847457627118644,d,a,0,0,0,1,0,0,0,0,0,6.0,5.9,0,https://secure.cache.images.core.optasports.com/soccer/players/150x150/16050.png,0,0.00000
171314,Ruben Dias,DEF,251,Benfica,BEN,-3,0,5.6,0,0.100,1.8018018018018018,d,a,2,0,0,2,0,0,0,1,0,5.7,5.6,-3,https://secure.cache.images.core.optasports.com/soccer/players/150x150/290253.png,0,0.00000
39206,Ryan Donk,DEF,208,Galatasaray,GAL,8,0,5.5,0,0.025,0.45662100456621013,d,a,2,0,0,1,1,0,0,0,0,5.5,5.4,8,https://secure.cache.images.core.optasports.com/soccer/players/150x150/2415.png,0,0.00000
17861,S. Ramos,DEF,186,Real Madrid,RMD,7,0,6.6,0,0.050,0.7633587786259542,d,i,1,0,0,0,1,0,0,0,0,6.6,6.5,7,https://secure.cache.images.core.optasports.com/soccer/players/150x150/326.png,0,0.00000
100531,Saba Kverkvelia,DEF,271,Lokomotiv Moscow,LCM,0,0,5.3,0,0.025,0.47393364928909953,d,a,2,0,0,4,0,0,0,0,0,5.4,5.3,0,https://secure.cache.images.core.optasports.com/soccer/players/150x150/134333.png,0,0.00000
92196,Salif Sané,DEF,167,FC Schalke 04,SCH,8,0,5.7,0,0.100,1.762114537444934,u,a,2,0,0,1,1,0,0,0,0,5.7,5.6,8,https://secure.cache.images.core.optasports.com/soccer/players/150x150/167694.png,0,0.00000
88580,Samuel Umtiti,DEF,178,Barcelona,FCB,2,0,6.3,0,0.050,0.7905138339920948,d,s,1,0,0,0,1,0,0,1,0,6.4,6.3,2,https://secure.cache.images.core.optasports.com/soccer/players/150x150/158369.png,0,0.00000
173904,Sanchez. D,DEF,6,Tottenham Hotspur,TOT,-2,0,5.8,0,0.100,1.7391304347826086,d,a,2,0,0,6,0,0,0,0,0,5.9,5.8,-2,https://secure.cache.images.core.optasports.com/soccer/players/150x150/290497.png,0,0.00000
102383,Santiago Arias,DEF,175,Atlético de Madrid,ATM,1,0,5.9,0,0.025,0.42194092827004226,d,a,1,0,0,1,0,0,0,0,0,6.0,5.9,1,https://secure.cache.images.core.optasports.com/soccer/players/150x150/76685.png,0,0.00000
17160,Sascha Riether,DEF,167,FC Schalke 04,SCH,0,0,5.4,0,0.050,0.9259259259259258,d,d,0,0,0,0,0,0,0,0,0,5.5,5.4,0,https://secure.cache.images.core.optasports.com/soccer/players/150x150/16508.png,0,0.00000
153701,Saulo Decarli,DEF,413,Club Brugge,BRU,0,0,5.2,0,0.050,0.9615384615384616,d,a,0,0,0,0,0,0,0,0,0,5.3,5.2,0,https://secure.cache.images.core.optasports.com/soccer/players/150x150/137987.png,0,0.00000
168618,Sebastiano Luperto,DEF,459,Napoli,NAP,0,0,5.5,0,0.050,0.9090909090909092,d,a,0,0,0,0,0,0,0,0,0,5.6,5.5,0,https://secure.cache.images.core.optasports.com/soccer/players/150x150/307047.png,0,0.00000
56013,Semih Kaya,DEF,208,Galatasaray,GAL,0,0,5.1,0,0.050,0.9803921568627453,d,a,0,0,0,0,0,0,0,0,0,5.2,5.1,0,https://secure.cache.images.core.optasports.com/soccer/players/150x150/.png,0,0.00000
45762,Serdar Aziz,DEF,208,Galatasaray,GAL,8,0,5.6,0,0.025,0.4484304932735426,d,a,2,0,0,1,1,0,0,0,0,5.6,5.5,8,https://secure.cache.images.core.optasports.com/soccer/players/150x150/4873.png,0,0.00000
80226,Serge Aurier,DEF,6,Tottenham Hotspur,TOT,0,0,5.7,0,0.050,0.8771929824561403,d,i,1,0,0,2,0,0,0,0,0,5.8,5.7,0,https://secure.cache.images.core.optasports.com/soccer/players/150x150/155098.png,0,0.00000
68042,Sergey Krivtsov,DEF,455,Shakhtar Donetsk,SHA,0,0,5.4,0,0.050,0.9259259259259258,d,a,1,0,0,2,0,0,0,0,0,5.5,5.4,0,https://secure.cache.images.core.optasports.com/soccer/players/150x150/37041.png,0,0.00000
78199,Sergey Tkachev,DEF,1340,CSKA Moscow,CSK,0,0,5.0,0,0.050,1,d,a,0,0,0,0,0,0,0,0,0,5.1,5.0,0,https://secure.cache.images.core.optasports.com/soccer/players/150x150/.png,0,0.00000
68353,Sime Vrsaljko,DEF,127,Internazionale,INT,0,0,6.0,0,0.050,0.8333333333333334,d,i,0,0,0,0,0,0,0,0,0,6.1,6.0,0,https://secure.cache.images.core.optasports.com/soccer/players/150x150/85512.png,0,0.00000
210977,Srdjan Babic,DEF,214,Crvena Zvezda,RSB,-1,0,5.2,0,0.100,1.9417475728155338,d,a,0,0,0,2,0,0,0,0,0,5.3,5.2,-1,https://secure.cache.images.core.optasports.com/soccer/players/150x150/269515.png,0,0.00000
210231,Stefan Milosevic,DEF,214,Crvena Zvezda,RSB,0,0,5.0,0,0.050,1,d,a,0,0,0,0,0,0,0,0,0,5.1,5.0,0,https://secure.cache.images.core.optasports.com/soccer/players/150x150/.png,0,0.00000
191803,Stefan Posch,DEF,1902,TSG 1899 Hoffenheim,TSG,0,0,5.3,0,0.050,0.9433962264150945,d,a,2,0,0,4,0,0,0,0,0,5.4,5.3,0,https://secure.cache.images.core.optasports.com/soccer/players/150x150/316755.png,0,0.00000
65807,Stefan Savic,DEF,175,Atlético de Madrid,ATM,0,0,5.8,0,0.050,0.8620689655172413,d,d,0,0,0,0,0,0,0,0,0,5.9,5.8,0,https://secure.cache.images.core.optasports.com/soccer/players/150x150/90031.png,0,0.00000
78140,Stefan de Vrij,DEF,127,Internazionale,INT,5,0,6.0,0,0.025,0.4149377593360996,d,a,2,0,1,2,0,0,0,0,0,6.1,6.0,5,https://secure.cache.images.core.optasports.com/soccer/players/150x150/102880.png,0,0.00000
111729,Stefano Denswil,DEF,413,Club Brugge,BRU,0,0,5.2,0,0.100,1.9323671497584543,d,a,2,0,0,4,0,0,0,0,0,5.3,5.2,0,https://secure.cache.images.core.optasports.com/soccer/players/150x150/191101.png,0,0.00000
41909,Steve Von Bergen,DEF,1963,Young Boys,BSC,-2,0,5.1,0,0.100,1.9607843137254906,d,a,2,0,0,6,0,0,0,0,0,5.3,5.1,-2,https://secure.cache.images.core.optasports.com/soccer/players/150x150/11490.png,0,0.00000
215491,Stratos Svarnas,DEF,234,AEK Athens,AEK,0,0,5.1,0,0.050,0.9803921568627453,d,a,0,0,0,0,0,0,0,0,0,5.2,5.1,0,https://secure.cache.images.core.optasports.com/soccer/players/150x150/334850.png,0,0.00000
60121,Sébastien Corchia,DEF,251,Benfica,BEN,0,0,5.6,0,0.050,0.892857142857143,d,a,0,0,0,0,0,0,0,0,0,5.7,5.6,0,https://secure.cache.images.core.optasports.com/soccer/players/150x150/73166.png,0,0.00000
51090,Thiago Silva,DEF,149,Paris Saint-Germain,PSG,0,0,6.1,0,0.025,0.411522633744856,d,a,2,0,0,4,0,0,0,0,0,6.2,6.1,0,https://secure.cache.images.core.optasports.com/soccer/players/150x150/9136.png,0,0.00000
93605,Thomas Meunier,DEF,149,Paris Saint-Germain,PSG,10,0,6.5,0,0.050,0.7751937984496124,u,a,2,1,1,4,0,0,0,0,0,6.5,6.3,10,https://secure.cache.images.core.optasports.com/soccer/players/150x150/94078.png,0,0.00000
15943,Thomas Vermaelen,DEF,178,Barcelona,FCB,1,0,5.5,0,0.025,0.4524886877828054,d,a,0,0,0,0,0,0,0,0,0,5.6,5.5,1,https://secure.cache.images.core.optasports.com/soccer/players/150x150/2181.png,0,0.00000
55605,Toby Alderweireld,DEF,6,Tottenham Hotspur,TOT,-2,0,6.1,0,0.100,1.6528925619834711,d,a,1,0,0,4,0,0,0,0,0,6.2,6.1,-2,https://secure.cache.images.core.optasports.com/soccer/players/150x150/70508.png,0,0.00000
218764,Tomas Hajek,DEF,2703,Viktoria Plzen,VIK,0,0,5.2,0,0.050,0.9615384615384616,d,a,0,0,0,0,0,0,0,0,0,5.3,5.2,0,https://secure.cache.images.core.optasports.com/soccer/players/150x150/46414.png,0,0.00000
221306,Toni Lato,DEF,191,Valencia CF,VAL,0,0,5.1,0,0.050,0.9803921568627453,d,a,0,0,0,0,0,0,0,0,0,5.2,5.1,0,https://secure.cache.images.core.optasports.com/soccer/players/150x150/335376.png,0,0.00000
169187,Trent Alexander-Arnold,DEF,14,Liverpool,LIV,1,0,6.0,0,0.025,0.4149377593360996,d,a,2,0,0,3,0,0,0,0,0,6.1,6.0,1,https://secure.cache.images.core.optasports.com/soccer/players/150x150/376875.png,0,0.00000
102909,Trent Sainsbury,DEF,204,PSV,PSV,0,0,5.5,0,0.050,0.9090909090909092,d,a,0,0,0,0,0,0,0,0,0,5.6,5.5,0,https://secure.cache.images.core.optasports.com/soccer/players/150x150/131663.png,0,0.00000
186703,Tyronne Ebuehi,DEF,251,Benfica,BEN,0,0,5.6,0,0.050,0.892857142857143,d,i,0,0,0,0,0,0,0,0,0,5.7,5.6,0,https://secure.cache.images.core.optasports.com/soccer/players/150x150/347771.png,0,0.00000
184943,Ulisses García,DEF,1963,Young Boys,BSC,0,0,5.1,0,0.050,0.9803921568627453,d,a,0,0,0,0,0,0,0,0,0,5.2,5.1,0,https://secure.cache.images.core.optasports.com/soccer/players/150x150/341751.png,0,0.00000
91943,Uros Cosic,DEF,234,AEK Athens,AEK,-1,0,5.2,0,0.050,0.9708737864077669,d,a,1,0,0,4,0,0,0,0,0,5.3,5.2,-1,https://secure.cache.images.core.optasports.com/soccer/players/150x150/95744.png,0,0.00000
20695,Valencia. A,DEF,1,Manchester United,MNU,7,0,6.2,0,0.100,1.6260162601626014,u,a,1,0,0,0,1,0,0,0,0,6.2,6.1,7,https://secure.cache.images.core.optasports.com/soccer/players/150x150/284.png,0,0.00000
53057,Vasilios Lampropoulos,DEF,234,AEK Athens,AEK,-1,0,5.3,0,0.050,0.9523809523809524,d,a,1,0,0,3,0,0,0,0,0,5.4,5.3,-1,https://secure.cache.images.core.optasports.com/soccer/players/150x150/70196.png,0,0.00000
38462,Vedran Corluka,DEF,271,Lokomotiv Moscow,LCM,-1,0,5.4,0,0.050,0.9345794392523366,d,a,1,0,0,3,0,0,0,0,0,5.5,5.4,-1,https://secure.cache.images.core.optasports.com/soccer/players/150x150/16067.png,0,0.00000
184667,Victor Lindelöf,DEF,1,Manchester United,MNU,7,0,5.9,0,0.050,0.8547008547008548,d,a,1,0,0,0,1,0,0,0,0,5.9,5.8,7,https://secure.cache.images.core.optasports.com/soccer/players/150x150/127315.png,0,0.00000
51376,Viktor Vasin,DEF,1340,CSKA Moscow,CSK,0,0,5.4,0,0.050,0.9259259259259258,d,i,0,0,0,0,0,0,0,0,0,5.5,5.4,0,https://secure.cache.images.core.optasports.com/soccer/players/150x150/6789.png,0,0.00000
17476,Vincent Kompany,DEF,43,Manchester City,MNC,1,0,5.9,0,0.025,0.42194092827004226,d,a,1,0,0,1,0,0,0,0,0,6.0,5.9,1,https://secure.cache.images.core.optasports.com/soccer/players/150x150/1998.png,0,0.00000
97032,Virgil van Dijk,DEF,14,Liverpool,LIV,4,0,6.3,0,0.025,0.3952569169960474,d,a,2,0,1,3,0,0,0,0,0,6.4,6.3,4,https://secure.cache.images.core.optasports.com/soccer/players/150x150/188624.png,0,0.00000
430850,Viveiros,DEF,214,Crvena Zvezda,RSB,0,0,5.0,0,0.050,1,d,a,0,0,0,0,0,0,0,0,0,5.1,5.0,0,https://secure.cache.images.core.optasports.com/soccer/players/150x150/.png,0,0.00000
62305,Vlad Chiriches,DEF,459,Napoli,NAP,0,0,5.2,0,0.050,0.9615384615384616,d,i,0,0,0,0,0,0,0,0,0,5.3,5.2,0,https://secure.cache.images.core.optasports.com/soccer/players/150x150/68268.png,0,0.00000
49783,Vujadin Savic,DEF,214,Crvena Zvezda,RSB,5,0,5.3,0,0.100,1.886792452830189,d,a,2,0,0,4,1,0,0,0,0,5.4,5.3,5,https://secure.cache.images.core.optasports.com/soccer/players/150x150/47941.png,0,0.00000
76349,Yaroslav Rakitskiy,DEF,455,Shakhtar Donetsk,SHA,0,0,5.5,0,0.050,0.9090909090909092,d,a,2,0,0,4,0,0,0,0,0,5.6,5.5,0,https://secure.cache.images.core.optasports.com/soccer/players/150x150/71961.png,0,0.00000
204562,Yordan Osorio,DEF,201,FC Porto,FCP,0,0,5.2,0,0.050,0.9615384615384616,d,a,0,0,0,0,0,0,0,0,0,5.3,5.2,0,https://secure.cache.images.core.optasports.com/soccer/players/150x150/.png,0,0.00000
171324,Yuri Oliveira Ribeiro,DEF,251,Benfica,BEN,0,0,5.6,0,0.050,0.892857142857143,d,a,0,0,0,0,0,0,0,0,0,5.7,5.6,0,https://secure.cache.images.core.optasports.com/soccer/players/150x150/318331.png,0,0.00000
78407,Yuto Nagatomo,DEF,208,Galatasaray,GAL,8,0,5.5,0,0.025,0.45662100456621013,d,a,2,0,0,1,1,0,0,0,0,5.5,5.4,8,https://secure.cache.images.core.optasports.com/soccer/players/150x150/48597.png,0,0.00000
201172,Álvaro Odriozola,DEF,186,Real Madrid,RMD,1,0,5.5,0,0.025,0.4524886877828054,d,a,0,0,0,0,0,0,0,0,0,5.6,5.5,1,https://secure.cache.images.core.optasports.com/soccer/players/150x150/311705.png,0,0.00000
50022,Ömer Toprak,DEF,157,Borussia Dortmund,BVB,0,0,5.8,0,0.050,0.8620689655172413,d,i,0,0,0,0,0,0,0,0,0,5.9,5.8,0,https://secure.cache.images.core.optasports.com/soccer/players/150x150/56958.png,0,0.00000
